<?xml version="1.0" encoding="UTF-8"?>
<project-private xmlns="http://www.netbeans.org/ns/project-private/1">
    <editor-bookmarks xmlns="http://www.netbeans.org/ns/editor-bookmarks/2" lastBookmarkId="0"/>
    <open-files xmlns="http://www.netbeans.org/ns/projectui-open-files/2">
        <group>
            <file>file:/home/fikrirazor/NetBeansProjects/theater_1/src/theater/login.java</file>
            <file>file:/home/fikrirazor/NetBeansProjects/theater_1/src/theater/Mainwindow.java</file>
            <file>file:/home/fikrirazor/NetBeansProjects/theater_1/src/Images/addblack.png</file>
            <file>file:/home/fikrirazor/NetBeansProjects/theater_1/src/theater/menonton.java</file>
            <file>file:/home/fikrirazor/NetBeansProjects/theater_1/src/theater/addmovie.java</file>
            <file>file:/home/fikrirazor/NetBeansProjects/theater_1/src/theater/Emailvalidator.java</file>
            <file>file:/home/fikrirazor/NetBeansProjects/theater_1/src/theater/daftar.java</file>
            <file>file:/home/fikrirazor/NetBeansProjects/theater_1/src/theater/ValidatePhoneNumber.java</file>
            <file>file:/home/fikrirazor/NetBeansProjects/theater_1/src/theater/connector.java</file>
            <file>file:/home/fikrirazor/NetBeansProjects/theater_1/src/theater/Edit.java</file>
            <file>file:/home/fikrirazor/NetBeansProjects/theater_1/src/Images/a.png</file>
            <file>file:/home/fikrirazor/NetBeansProjects/theater_1/src/theater/editdata.java</file>
        </group>
        <group name="Group 20170518-07:06:48">
            <file>file:/home/fikrirazor/NetBeansProjects/theater_1/src/theater/login.java</file>
            <file>file:/home/fikrirazor/NetBeansProjects/theater_1/src/theater/Mainwindow.java</file>
            <file>file:/home/fikrirazor/NetBeansProjects/theater_1/src/Images/addblack.png</file>
            <file>file:/home/fikrirazor/NetBeansProjects/theater_1/src/theater/menonton.java</file>
            <file>file:/home/fikrirazor/NetBeansProjects/theater_1/src/theater/addmovie.java</file>
            <file>file:/home/fikrirazor/NetBeansProjects/theater_1/src/theater/Emailvalidator.java</file>
            <file>file:/home/fikrirazor/NetBeansProjects/theater_1/src/theater/daftar.java</file>
            <file>file:/home/fikrirazor/NetBeansProjects/theater_1/src/theater/ValidatePhoneNumber.java</file>
            <file>file:/home/fikrirazor/NetBeansProjects/theater_1/src/theater/connector.java</file>
            <file>file:/home/fikrirazor/NetBeansProjects/theater_1/src/theater/Edit.java</file>
            <file>file:/home/fikrirazor/NetBeansProjects/theater_1/src/Images/a.png</file>
            <file>file:/home/fikrirazor/NetBeansProjects/theater_1/src/theater/editdata.java</file>
        </group>
    </open-files>
</project-private>
